{"pets":[
  {"name":"pogo","age":"7","weight":"10to40","type":"cat","breed":"Bengal","likes":"playing","vaccinated":true},
  {"name":"tommy","age":"5","weight":"10to40","type":"dog","breed":"Labrador","likes":"playing with ball, sleeping","vaccinated":false},
  {"name":"tiger","age":"18","weight":"40to80","type":"dog","breed":"German Shepherd","likes":"eating and running","vaccinated":true},
  {"name":"timmy","age":"2","weight":"below10","type":"other","breed":"Other","likes":"crawling","vaccinated":true}]
}
